[
{
    "model": "webapp.poll",
    "pk": 1,
    "fields": {
        "created_at": "2022-12-10T08:12:09.089Z",
        "question": "Какой язык программирования вы изучаете на данный момент?"
    }
},
{
    "model": "webapp.poll",
    "pk": 3,
    "fields": {
        "created_at": "2022-12-10T08:16:31.100Z",
        "question": "На что вы обращаете внимание при выборе работы?"
    }
},
{
    "model": "webapp.poll",
    "pk": 4,
    "fields": {
        "created_at": "2022-12-10T08:19:49.826Z",
        "question": "С какой из БД вам приходилось работать?"
    }
},
{
    "model": "webapp.poll",
    "pk": 6,
    "fields": {
        "created_at": "2022-12-10T08:24:11.507Z",
        "question": "В какой школе программирования вы учитесь?"
    }
},
{
    "model": "webapp.poll",
    "pk": 7,
    "fields": {
        "created_at": "2022-12-10T08:27:25.032Z",
        "question": "Что больше всего повлияло на вас при выборе школы программирования?"
    }
},
{
    "model": "webapp.poll",
    "pk": 8,
    "fields": {
        "created_at": "2022-12-10T08:29:08.841Z",
        "question": "Где вы нашли информацию о курсах программирования?"
    }
},
{
    "model": "webapp.poll",
    "pk": 9,
    "fields": {
        "created_at": "2022-12-10T09:29:47.059Z",
        "question": "На какой операционной системе вы работаете?"
    }
},
{
    "model": "webapp.poll",
    "pk": 10,
    "fields": {
        "created_at": "2022-12-10T09:32:41.267Z",
        "question": "Какой университет вы окончили???"
    }
},
{
    "model": "webapp.poll",
    "pk": 12,
    "fields": {
        "created_at": "2022-12-10T12:50:58.383Z",
        "question": "Куда вы хотели бы релоцироваться?"
    }
},
{
    "model": "webapp.choice",
    "pk": 1,
    "fields": {
        "option": "Python",
        "poll": 1
    }
},
{
    "model": "webapp.choice",
    "pk": 2,
    "fields": {
        "option": "Java",
        "poll": 1
    }
},
{
    "model": "webapp.choice",
    "pk": 3,
    "fields": {
        "option": "JavaScript",
        "poll": 1
    }
},
{
    "model": "webapp.choice",
    "pk": 4,
    "fields": {
        "option": "PHP",
        "poll": 1
    }
},
{
    "model": "webapp.choice",
    "pk": 9,
    "fields": {
        "option": "Зарплата",
        "poll": 3
    }
},
{
    "model": "webapp.choice",
    "pk": 10,
    "fields": {
        "option": "Новые технологии",
        "poll": 3
    }
},
{
    "model": "webapp.choice",
    "pk": 11,
    "fields": {
        "option": "Репутация компания",
        "poll": 3
    }
},
{
    "model": "webapp.choice",
    "pk": 12,
    "fields": {
        "option": "Коллектив, Руководство",
        "poll": 3
    }
},
{
    "model": "webapp.choice",
    "pk": 13,
    "fields": {
        "option": "Oracle",
        "poll": 4
    }
},
{
    "model": "webapp.choice",
    "pk": 14,
    "fields": {
        "option": "MySql",
        "poll": 4
    }
},
{
    "model": "webapp.choice",
    "pk": 15,
    "fields": {
        "option": "PostgreSql",
        "poll": 4
    }
},
{
    "model": "webapp.choice",
    "pk": 16,
    "fields": {
        "option": "ClickHouse",
        "poll": 4
    }
},
{
    "model": "webapp.choice",
    "pk": 21,
    "fields": {
        "option": "Attractor",
        "poll": 6
    }
},
{
    "model": "webapp.choice",
    "pk": 22,
    "fields": {
        "option": "IT-Academy",
        "poll": 6
    }
},
{
    "model": "webapp.choice",
    "pk": 23,
    "fields": {
        "option": "Megacom- IT school",
        "poll": 6
    }
},
{
    "model": "webapp.choice",
    "pk": 24,
    "fields": {
        "option": "Makers Bootcamp",
        "poll": 6
    }
},
{
    "model": "webapp.choice",
    "pk": 25,
    "fields": {
        "option": "Цена обучения",
        "poll": 7
    }
},
{
    "model": "webapp.choice",
    "pk": 26,
    "fields": {
        "option": "Советы знакомых",
        "poll": 7
    }
},
{
    "model": "webapp.choice",
    "pk": 27,
    "fields": {
        "option": "Репутация школы",
        "poll": 7
    }
},
{
    "model": "webapp.choice",
    "pk": 28,
    "fields": {
        "option": "Учителя школы программирования",
        "poll": 7
    }
},
{
    "model": "webapp.choice",
    "pk": 29,
    "fields": {
        "option": "Онлайн",
        "poll": 8
    }
},
{
    "model": "webapp.choice",
    "pk": 30,
    "fields": {
        "option": "Посоветовали знакомые",
        "poll": 8
    }
},
{
    "model": "webapp.choice",
    "pk": 31,
    "fields": {
        "option": "Реклама на почту",
        "poll": 8
    }
},
{
    "model": "webapp.choice",
    "pk": 32,
    "fields": {
        "option": "Посоветовали бывшие ученики школы",
        "poll": 8
    }
},
{
    "model": "webapp.choice",
    "pk": 33,
    "fields": {
        "option": "КРСУ",
        "poll": 10
    }
},
{
    "model": "webapp.choice",
    "pk": 34,
    "fields": {
        "option": "Манас",
        "poll": 10
    }
},
{
    "model": "webapp.choice",
    "pk": 36,
    "fields": {
        "option": "Политех",
        "poll": 10
    }
},
{
    "model": "webapp.choice",
    "pk": 37,
    "fields": {
        "option": "Windows",
        "poll": 9
    }
},
{
    "model": "webapp.choice",
    "pk": 38,
    "fields": {
        "option": "MacOS",
        "poll": 9
    }
},
{
    "model": "webapp.choice",
    "pk": 39,
    "fields": {
        "option": "Linux",
        "poll": 9
    }
},
{
    "model": "webapp.choice",
    "pk": 40,
    "fields": {
        "option": "КГУСТА",
        "poll": 10
    }
},
{
    "model": "webapp.choice",
    "pk": 46,
    "fields": {
        "option": "Ататурк-Алатоо",
        "poll": 10
    }
},
{
    "model": "webapp.choice",
    "pk": 47,
    "fields": {
        "option": "США",
        "poll": 12
    }
},
{
    "model": "webapp.choice",
    "pk": 48,
    "fields": {
        "option": "Канада",
        "poll": 12
    }
},
{
    "model": "webapp.choice",
    "pk": 49,
    "fields": {
        "option": "Европа",
        "poll": 12
    }
},
{
    "model": "webapp.choice",
    "pk": 50,
    "fields": {
        "option": "Австралия",
        "poll": 12
    }
},
{
    "model": "webapp.answer",
    "pk": 5,
    "fields": {
        "created_at": "2022-12-10T12:12:53.408Z",
        "poll": 9,
        "option": 37
    }
},
{
    "model": "webapp.answer",
    "pk": 6,
    "fields": {
        "created_at": "2022-12-10T12:14:16.739Z",
        "poll": 10,
        "option": 36
    }
},
{
    "model": "webapp.answer",
    "pk": 7,
    "fields": {
        "created_at": "2022-12-10T12:14:21.330Z",
        "poll": 6,
        "option": 21
    }
},
{
    "model": "webapp.answer",
    "pk": 8,
    "fields": {
        "created_at": "2022-12-10T12:18:56.518Z",
        "poll": 7,
        "option": 26
    }
},
{
    "model": "webapp.answer",
    "pk": 9,
    "fields": {
        "created_at": "2022-12-10T12:19:38.896Z",
        "poll": 4,
        "option": 13
    }
},
{
    "model": "webapp.answer",
    "pk": 10,
    "fields": {
        "created_at": "2022-12-10T12:25:12.004Z",
        "poll": 4,
        "option": 15
    }
},
{
    "model": "webapp.answer",
    "pk": 11,
    "fields": {
        "created_at": "2022-12-10T12:37:11.105Z",
        "poll": 6,
        "option": 22
    }
},
{
    "model": "webapp.answer",
    "pk": 12,
    "fields": {
        "created_at": "2022-12-10T12:48:24.290Z",
        "poll": 10,
        "option": 34
    }
},
{
    "model": "webapp.answer",
    "pk": 13,
    "fields": {
        "created_at": "2022-12-10T12:48:34.117Z",
        "poll": 10,
        "option": 36
    }
},
{
    "model": "webapp.answer",
    "pk": 14,
    "fields": {
        "created_at": "2022-12-10T12:48:45.034Z",
        "poll": 10,
        "option": 40
    }
},
{
    "model": "webapp.answer",
    "pk": 15,
    "fields": {
        "created_at": "2022-12-10T12:51:28.852Z",
        "poll": 12,
        "option": 47
    }
},
{
    "model": "auth.user",
    "pk": 1,
    "fields": {
        "password": "pbkdf2_sha256$390000$0HlhV8comqRwOokElePdtk$VAalZq/O4vBGr357w1r3rPO2cxEOZ29WbtSE6B5Mfqg=",
        "last_login": "2022-12-10T06:50:51.509Z",
        "is_superuser": true,
        "username": "admin",
        "first_name": "",
        "last_name": "",
        "email": "",
        "is_staff": true,
        "is_active": true,
        "date_joined": "2022-12-10T06:50:37.256Z",
        "groups": [],
        "user_permissions": []
    }
}
]
